epoch,time,train/box_loss,train/cls_loss,train/dfl_loss,metrics/precision(B),metrics/recall(B),metrics/mAP50(B),metrics/mAP50-95(B),val/box_loss,val/cls_loss,val/dfl_loss,lr/pg0,lr/pg1,lr/pg2
1,23.4943,2.3499,3.84846,2.17263,0.00657,0.35714,0.0032,0.00058,3.66616,92.6095,4.69551,0.000463102,0.000463102,0.000463102
2,48.8531,2.2235,2.9494,2.12587,0.00137,0.21429,0.0003,4e-05,nan,nan,nan,0.000936335,0.000936335,0.000936335
3,69.6373,2.26199,3.05243,2.23883,0,0,0,0,3.30136,nan,3.4556,0.00140642,0.00140642,0.00140642
4,90.0529,2.26322,2.93323,2.24009,0.00153,0.5,0.00106,0.0003,3.06137,inf,23.1868,0.00141485,0.00141485,0.00141485
5,111.591,2.24919,2.92081,2.24878,0.00168,0.35714,0.00078,0.00028,3.18817,inf,8.05946,0.00141014,0.00141014,0.00141014
6,133.036,2.26775,2.87705,2.23738,0.04831,0.18165,0.01406,0.00222,3.40288,17.6181,3.93156,0.00140542,0.00140542,0.00140542
7,155.208,2.20215,2.80176,2.16013,0.06427,0.14286,0.02593,0.00456,2.9821,23.982,4.05605,0.00140071,0.00140071,0.00140071
8,176.789,2.22022,2.77807,2.19011,0.02206,0.14286,0.00732,0.00118,3.41212,160.074,7.19386,0.00139599,0.00139599,0.00139599
9,197.665,2.09159,2.78848,2.11377,0.33377,0.07143,0.10308,0.02179,2.89062,6.13375,3.339,0.00139127,0.00139127,0.00139127
10,219.447,2.1253,2.69803,2.11796,0.03555,0.07143,0.04313,0.01642,2.66024,6.71898,3.33334,0.00138656,0.00138656,0.00138656
11,240.646,2.07576,2.71914,2.10168,0.05371,0.07143,0.02896,0.00957,2.76463,4.94885,3.16317,0.00138184,0.00138184,0.00138184
12,261.778,2.09017,2.6902,2.09827,0.0055,0.07143,0.00781,0.002,3.32731,5.19861,3.88896,0.00137713,0.00137713,0.00137713
13,282.771,2.06742,2.59588,2.07572,0.0077,0.07143,0.00794,0.00142,2.88808,6.50273,3.3762,0.00137241,0.00137241,0.00137241
14,303.704,2.0288,2.59003,2.0662,0.00949,0.35714,0.00912,0.00217,2.65316,4.64683,3.05343,0.0013677,0.0013677,0.0013677
15,324.895,2.02274,2.51714,2.02494,0.00804,0.28571,0.00846,0.00251,2.56867,6.33884,3.11108,0.00136298,0.00136298,0.00136298
16,345.775,2.01377,2.48345,2.01365,0.0637,0.35714,0.04044,0.01058,2.83292,4.73258,3.48359,0.00135826,0.00135826,0.00135826
17,367.011,2.00479,2.49346,1.99402,0.01146,0.57143,0.01436,0.00268,2.76013,5.79439,3.22158,0.00135355,0.00135355,0.00135355
18,388.283,1.98647,2.51255,1.98671,0.01607,0.21429,0.01234,0.00296,2.75007,4.43043,3.08951,0.00134883,0.00134883,0.00134883
19,409.282,1.92571,2.42985,1.96133,0.02263,0.35714,0.0216,0.00514,2.60958,3.72299,2.94595,0.00134412,0.00134412,0.00134412
20,430.529,1.96996,2.43539,1.97407,0.02758,0.14286,0.0227,0.00522,2.91898,3.74324,3.22737,0.0013394,0.0013394,0.0013394
21,451.465,1.93097,2.38553,1.94383,0.02669,0.28571,0.02406,0.0057,2.56102,4.5064,3.07739,0.00133469,0.00133469,0.00133469
22,472.802,1.94908,2.41358,1.98208,0.35631,0.07143,0.06192,0.01145,2.84084,4.34227,3.2972,0.00132997,0.00132997,0.00132997
23,494.145,1.9108,2.41519,1.93685,0.19654,0.14286,0.1354,0.02459,2.34565,4.47413,2.81712,0.00132525,0.00132525,0.00132525
24,515.899,1.91549,2.42595,1.96186,0.02156,0.21429,0.02231,0.00598,2.43262,4.62355,2.96937,0.00132054,0.00132054,0.00132054
25,537.021,1.87711,2.38681,1.91518,0.04955,0.57143,0.0549,0.01888,2.34664,3.70204,2.78334,0.00131582,0.00131582,0.00131582
26,557.922,1.9047,2.37096,1.93028,0.06794,0.09976,0.04627,0.00834,2.99131,4.40183,3.27583,0.00131111,0.00131111,0.00131111
27,579.368,1.89852,2.36947,1.94283,0.06243,0.14286,0.06265,0.01568,2.52591,3.47227,3.00438,0.00130639,0.00130639,0.00130639
28,600.639,1.88155,2.28165,1.88413,0.10435,0.28571,0.0675,0.01599,2.6086,3.78281,3.16249,0.00130168,0.00130168,0.00130168
29,621.659,1.85488,2.28058,1.87662,0.05661,0.21429,0.04354,0.01374,2.57856,4.22697,3.15582,0.00129696,0.00129696,0.00129696
30,642.929,1.88223,2.28639,1.88543,0.34603,0.07143,0.09109,0.01909,2.50467,3.92532,3.08619,0.00129224,0.00129224,0.00129224
31,663.877,1.86999,2.27537,1.8931,0.46084,0.14286,0.17714,0.03293,2.60567,5.58673,3.10184,0.00128753,0.00128753,0.00128753
32,687.2,1.84196,2.24925,1.893,0.03281,0.28571,0.02258,0.00607,2.65459,4.59881,3.22429,0.00128281,0.00128281,0.00128281
33,708.223,1.8601,2.24197,1.89634,0.10345,0.35714,0.06269,0.01892,2.54181,4.35704,3.03794,0.0012781,0.0012781,0.0012781
34,729.055,1.87085,2.27654,1.86013,0.04758,0.28571,0.04181,0.00938,2.61476,3.80823,3.01813,0.00127338,0.00127338,0.00127338
35,750.513,1.82707,2.24565,1.86358,0.09436,0.57143,0.07114,0.02825,2.40609,3.41188,2.86312,0.00126867,0.00126867,0.00126867
36,774.202,1.88915,2.2395,1.897,0.10584,0.28571,0.0935,0.02666,2.37438,2.94038,2.82004,0.00126395,0.00126395,0.00126395
37,795.303,1.81421,2.14489,1.82879,0.13704,0.64286,0.10613,0.03154,2.47282,3.40467,2.8842,0.00125923,0.00125923,0.00125923
38,819.175,1.82261,2.08779,1.82179,0.14293,0.57143,0.14311,0.04261,2.35703,2.9629,2.88391,0.00125452,0.00125452,0.00125452
39,843.283,1.8172,2.14327,1.85585,0.13886,0.21429,0.08216,0.0283,2.50468,3.12368,3.04852,0.0012498,0.0012498,0.0012498
40,864.527,1.78913,2.18477,1.84837,0.05366,0.35714,0.0492,0.01295,2.37136,3.6312,2.92313,0.00124509,0.00124509,0.00124509
41,890.188,1.80435,2.16906,1.84599,0.09676,0.14286,0.05298,0.01465,2.53202,3.16139,2.92442,0.00124037,0.00124037,0.00124037
42,911.352,1.7714,2.13119,1.7969,0.17196,0.28571,0.092,0.04041,2.40664,3.22849,2.92939,0.00123566,0.00123566,0.00123566
43,932.661,1.77112,2.07662,1.78959,0.10814,0.42857,0.16104,0.04138,2.60869,2.82083,3.06203,0.00123094,0.00123094,0.00123094
44,957.656,1.79428,2.09456,1.80689,0.1461,0.3305,0.098,0.03377,2.25147,3.56058,2.77477,0.00122622,0.00122622,0.00122622
45,978.82,1.78162,2.10193,1.78827,0.42641,0.28571,0.27352,0.07055,2.41169,2.6463,2.84004,0.00122151,0.00122151,0.00122151
46,1010.99,1.77156,2.11931,1.8089,0.1326,0.64286,0.10328,0.0261,2.72091,2.82665,3.12502,0.00121679,0.00121679,0.00121679
47,1033.28,1.76706,2.07052,1.787,0.21693,0.42857,0.19347,0.06577,2.27743,3.29072,2.71231,0.00121208,0.00121208,0.00121208
48,1060.09,1.76438,2.06958,1.80436,0.13046,0.28571,0.12662,0.04056,2.26304,4.8459,2.72574,0.00120736,0.00120736,0.00120736
49,1081.88,1.76811,2.07324,1.79239,0.22559,0.28571,0.20802,0.04579,2.47346,3.06267,2.8381,0.00120265,0.00120265,0.00120265
50,1103.33,1.72864,2.05568,1.75938,0.34862,0.14286,0.17906,0.03082,2.68725,3.04569,3.20812,0.00119793,0.00119793,0.00119793
51,1124.63,1.70948,2.0028,1.73937,0.14353,0.28571,0.13657,0.04114,2.54917,3.12536,3.14572,0.00119322,0.00119322,0.00119322
52,1150.18,1.71434,2.03837,1.74478,0.0998,0.21429,0.14218,0.05432,2.29209,4.12439,2.88368,0.0011885,0.0011885,0.0011885
53,1171.94,1.72785,2.02304,1.75189,0.28379,0.14286,0.17315,0.06754,2.37693,2.74849,2.92861,0.00118378,0.00118378,0.00118378
54,1193.81,1.67613,1.9316,1.72052,0.23401,0.28571,0.12728,0.03344,2.42289,3.12577,2.84192,0.00117907,0.00117907,0.00117907
55,1214.77,1.7039,1.95479,1.71601,0.11674,0.28571,0.06401,0.02044,2.46683,3.17407,2.87402,0.00117435,0.00117435,0.00117435
56,1235.74,1.70572,1.95171,1.73351,0.22179,0.42857,0.22736,0.05685,2.22795,3.64115,2.78419,0.00116964,0.00116964,0.00116964
57,1257.18,1.69807,1.97677,1.75143,0.32589,0.28571,0.25622,0.1041,2.12163,2.89988,2.79794,0.00116492,0.00116492,0.00116492
58,1279.2,1.69863,1.98043,1.73872,0.14424,0.42857,0.12658,0.04083,2.38581,2.81322,2.94139,0.00116021,0.00116021,0.00116021
59,1300.59,1.66662,1.89442,1.71183,0.29051,0.28571,0.15666,0.05419,2.13755,4.42113,2.66222,0.00115549,0.00115549,0.00115549
60,1321.52,1.70026,1.90068,1.73051,0.23648,0.21429,0.11905,0.04516,2.40793,3.09985,3.0554,0.00115077,0.00115077,0.00115077
61,1342.78,1.68679,1.87056,1.7084,0.18219,0.35714,0.19258,0.08498,2.30946,3.01562,2.95792,0.00114606,0.00114606,0.00114606
62,1364.19,1.68148,1.88173,1.71642,0.15368,0.40253,0.11525,0.03176,2.47583,3.05498,3.13798,0.00114134,0.00114134,0.00114134
63,1385.39,1.66935,1.86066,1.72849,0.26181,0.21429,0.23188,0.09294,2.45772,2.75079,2.95315,0.00113663,0.00113663,0.00113663
64,1408.76,1.64489,1.84889,1.69274,0.27894,0.30484,0.19343,0.05632,2.29815,2.96757,2.948,0.00113191,0.00113191,0.00113191
65,1430.33,1.65325,1.8635,1.69949,0.25204,0.42857,0.19381,0.07236,2.30404,2.84738,2.77791,0.0011272,0.0011272,0.0011272
66,1451.59,1.64446,1.83249,1.68742,0.26829,0.5,0.3374,0.12006,2.32583,2.68434,2.96831,0.00112248,0.00112248,0.00112248
67,1478.65,1.65823,1.85709,1.69997,0.19619,0.55816,0.21901,0.06514,2.23691,3.56942,2.8144,0.00111776,0.00111776,0.00111776
68,1500.64,1.63946,1.8058,1.67217,0.24684,0.57143,0.24652,0.07342,2.42243,2.82308,3.05863,0.00111305,0.00111305,0.00111305
69,1521.94,1.63041,1.80754,1.66621,0.15463,0.53606,0.19889,0.07461,2.34248,2.64055,2.8979,0.00110833,0.00110833,0.00110833
70,1543.06,1.6374,1.79755,1.67859,0.22262,0.57276,0.24166,0.09582,2.1942,2.15175,2.68227,0.00110362,0.00110362,0.00110362
71,1564.49,1.64363,1.82907,1.67768,0.25353,0.35714,0.267,0.08777,2.27405,2.62162,2.82392,0.0010989,0.0010989,0.0010989
72,1585.65,1.61165,1.78679,1.63838,0.20636,0.5,0.23443,0.04395,2.54827,2.81192,3.08604,0.00109419,0.00109419,0.00109419
73,1611.17,1.63429,1.74458,1.67562,0.33245,0.56926,0.22523,0.07247,2.35221,2.92064,2.9903,0.00108947,0.00108947,0.00108947
74,1632.77,1.59013,1.72418,1.63949,0.28654,0.64286,0.2581,0.09454,2.27069,2.64602,2.97625,0.00108475,0.00108475,0.00108475
75,1658.58,1.63878,1.74718,1.66954,0.32567,0.71429,0.44665,0.11867,2.31756,2.41307,2.88095,0.00108004,0.00108004,0.00108004
76,1680.41,1.61173,1.75008,1.64347,0.23223,0.71429,0.29891,0.12028,2.25248,2.57056,2.82795,0.00107532,0.00107532,0.00107532
77,1702.59,1.59853,1.73384,1.63635,0.53019,0.56469,0.53376,0.15883,2.18564,2.4231,2.73854,0.00107061,0.00107061,0.00107061
78,1724.61,1.61101,1.70181,1.6313,0.47752,0.28571,0.27887,0.104,2.38368,2.69416,2.79754,0.00106589,0.00106589,0.00106589
79,1745.69,1.61137,1.73691,1.67258,0.79288,0.27555,0.34702,0.09252,2.58294,2.60272,3.1219,0.00106118,0.00106118,0.00106118
80,1766.89,1.62585,1.74244,1.6772,0.37019,0.28571,0.26756,0.08335,2.32546,2.56692,2.90955,0.00105646,0.00105646,0.00105646
81,1788.29,1.57386,1.65063,1.62391,0.27796,0.57143,0.37392,0.1352,2.23758,2.89346,2.85649,0.00105174,0.00105174,0.00105174
82,1809.23,1.59363,1.65516,1.64097,0.23496,0.5,0.21725,0.0647,2.43156,2.42328,3.10284,0.00104703,0.00104703,0.00104703
83,1830.51,1.57752,1.66623,1.6148,0.29975,0.64286,0.26226,0.06217,2.51839,2.35073,3.14132,0.00104231,0.00104231,0.00104231
84,1851.55,1.59343,1.70202,1.63876,0.69392,0.28571,0.36833,0.13008,2.26874,2.3994,3.02265,0.0010376,0.0010376,0.0010376
85,1873.01,1.56691,1.68221,1.6312,0.72096,0.57143,0.58876,0.14496,2.09707,3.18456,2.78784,0.00103288,0.00103288,0.00103288
86,1894.51,1.55832,1.62407,1.60967,0.5071,0.44177,0.48786,0.11068,2.28732,2.31706,3.0328,0.00102817,0.00102817,0.00102817
87,1915.62,1.59917,1.59653,1.6486,0.31039,0.35714,0.30555,0.09681,2.3008,2.56293,3.0135,0.00102345,0.00102345,0.00102345
88,1936.81,1.54587,1.57684,1.57694,0.13358,0.42857,0.10018,0.03323,2.44461,2.94152,3.02221,0.00101873,0.00101873,0.00101873
89,1957.76,1.55824,1.61082,1.59452,0.82767,0.34501,0.4524,0.13385,2.29907,2.35627,3.03627,0.00101402,0.00101402,0.00101402
90,1979.09,1.58404,1.63575,1.58681,0.23315,0.42857,0.19957,0.06545,2.33505,2.60504,2.9433,0.0010093,0.0010093,0.0010093
91,2000.46,1.59164,1.61958,1.60643,0.48825,0.35714,0.38512,0.11384,2.3362,2.24912,2.87385,0.00100459,0.00100459,0.00100459
92,2021.62,1.55343,1.6207,1.58808,0.41703,0.35714,0.38309,0.14033,2.2125,2.52031,2.87331,0.000999871,0.000999871,0.000999871
93,2042.74,1.54564,1.5869,1.58792,0.37112,0.46469,0.39778,0.12106,2.19662,2.83725,2.87091,0.000995156,0.000995156,0.000995156
94,2063.75,1.55282,1.64063,1.6147,0.21258,0.5,0.31572,0.08826,2.27962,2.16653,2.90594,0.00099044,0.00099044,0.00099044
95,2084.97,1.54849,1.59029,1.59347,0.37297,0.35714,0.24143,0.06877,2.20366,2.47312,2.81446,0.000985724,0.000985724,0.000985724
96,2106.29,1.52026,1.51806,1.55557,0.55701,0.28571,0.35777,0.10082,2.2455,2.52108,2.95986,0.000981008,0.000981008,0.000981008
97,2127.57,1.50741,1.56216,1.54808,0.26433,0.42857,0.21802,0.06645,2.25303,2.44438,3,0.000976293,0.000976293,0.000976293
98,2153.93,1.49995,1.52085,1.54459,0.18755,0.42857,0.25823,0.08859,2.10502,2.74138,2.78169,0.000971577,0.000971577,0.000971577
99,2175.59,1.53951,1.52947,1.58473,0.26516,0.64286,0.30113,0.11994,2.04173,2.32075,2.84756,0.000966861,0.000966861,0.000966861
100,2196.49,1.50589,1.46592,1.54026,0.46939,0.78571,0.58013,0.16385,2.24008,2.18352,3.01959,0.000962146,0.000962146,0.000962146
101,2221.95,1.4964,1.52935,1.541,0.27075,0.45148,0.26835,0.12558,2.35017,2.56712,3.07598,0.00095743,0.00095743,0.00095743
102,2243.81,1.4638,1.4843,1.51934,0.38143,0.42857,0.37786,0.12867,2.25041,2.44477,2.99632,0.000952714,0.000952714,0.000952714
103,2265.2,1.50273,1.48429,1.5544,0.63308,0.5,0.43095,0.13085,2.35635,2.66294,3.01244,0.000947999,0.000947999,0.000947999
104,2285.95,1.50614,1.49039,1.55176,0.39939,0.57143,0.3848,0.19307,1.99614,2.48471,2.76073,0.000943283,0.000943283,0.000943283
105,2311.9,1.48156,1.43737,1.54078,0.45066,0.70359,0.41615,0.14561,2.22556,2.18472,2.99403,0.000938567,0.000938567,0.000938567
106,2333.84,1.47598,1.48314,1.52005,0.20911,0.5,0.22914,0.0773,2.41685,2.52506,3.05732,0.000933851,0.000933851,0.000933851
107,2355.3,1.47134,1.46808,1.53315,0.32601,0.5,0.32778,0.12119,2.15447,2.44053,2.77426,0.000929136,0.000929136,0.000929136
108,2379,1.45337,1.43184,1.50956,0.4201,0.5,0.44761,0.13448,2.07798,2.06675,2.70071,0.00092442,0.00092442,0.00092442
109,2400.69,1.50315,1.52472,1.56826,0.79596,0.27994,0.41104,0.14139,2.36635,2.18327,3.23584,0.000919704,0.000919704,0.000919704
110,2422.11,1.47243,1.43141,1.5238,0.28988,0.5,0.2363,0.09609,2.38395,2.46108,3.17613,0.000914989,0.000914989,0.000914989
111,2443.36,1.47189,1.40336,1.51538,0.52722,0.55833,0.46341,0.1206,2.2933,2.21478,3.02054,0.000910273,0.000910273,0.000910273
112,2464.57,1.44631,1.40738,1.4925,0.31997,0.70604,0.42814,0.15532,2.31887,2.16952,3.04053,0.000905557,0.000905557,0.000905557
113,2485.56,1.46065,1.41222,1.49744,0.64076,0.51036,0.56464,0.18326,2.3294,2.1108,3.01239,0.000900842,0.000900842,0.000900842
114,2506.88,1.43878,1.41381,1.49178,0.42661,0.53244,0.40719,0.10557,2.35342,1.99415,2.98487,0.000896126,0.000896126,0.000896126
115,2527.97,1.45061,1.43022,1.49582,0.44573,0.64286,0.40519,0.10332,2.21453,2.39325,2.91279,0.00089141,0.00089141,0.00089141
116,2549.11,1.44983,1.38707,1.50404,0.62352,0.57143,0.57723,0.20971,2.14942,2.12598,2.77451,0.000886694,0.000886694,0.000886694
117,2571.04,1.4652,1.45138,1.52282,0.44068,0.71429,0.52258,0.1426,2.22719,2.22094,2.9194,0.000881979,0.000881979,0.000881979
118,2592.07,1.44949,1.42011,1.5057,0.52213,0.64286,0.4307,0.13015,2.32062,2.38155,2.97946,0.000877263,0.000877263,0.000877263
119,2613.2,1.41762,1.37951,1.49394,0.3732,0.42857,0.35118,0.15604,2.34558,2.02681,2.94199,0.000872547,0.000872547,0.000872547
120,2634.37,1.45082,1.39224,1.49945,0.5208,0.64286,0.55043,0.19024,2.31955,2.00703,2.92132,0.000867832,0.000867832,0.000867832
121,2660.19,1.41681,1.35213,1.46579,0.46009,0.35714,0.40087,0.14357,2.3214,2.21303,3.01504,0.000863116,0.000863116,0.000863116
122,2681.75,1.41403,1.36039,1.48033,0.54992,0.35714,0.48123,0.1716,2.15486,2.29947,2.87038,0.0008584,0.0008584,0.0008584
123,2706.92,1.41656,1.35359,1.46736,0.28627,0.5,0.35455,0.14001,2.18131,2.35131,2.82346,0.000853685,0.000853685,0.000853685
124,2731.65,1.40296,1.35023,1.45919,0.44393,0.35714,0.37269,0.17258,2.2849,2.27331,2.90605,0.000848969,0.000848969,0.000848969
125,2753.31,1.39549,1.35207,1.46322,0.29499,0.42857,0.28996,0.12657,2.39754,2.13768,3.11413,0.000844253,0.000844253,0.000844253
126,2774.27,1.41918,1.34597,1.45253,0.496,0.77371,0.53852,0.1548,2.34916,1.95754,3.17954,0.000839537,0.000839537,0.000839537
127,2798.99,1.38703,1.27332,1.44404,0.45794,0.71429,0.47158,0.17262,2.25959,2.2647,3.02513,0.000834822,0.000834822,0.000834822
128,2820.47,1.38047,1.32361,1.43775,0.43184,0.59804,0.35803,0.11646,2.3067,2.5636,3.02726,0.000830106,0.000830106,0.000830106
129,2841.64,1.40622,1.35084,1.47411,0.4692,0.71429,0.54877,0.19602,2.22861,2.05186,2.82594,0.00082539,0.00082539,0.00082539
130,2862.81,1.37656,1.2677,1.43124,0.62019,0.42857,0.44788,0.1787,2.04839,2.11425,2.72783,0.000820675,0.000820675,0.000820675
131,2884.15,1.3953,1.30525,1.43986,0.40666,0.49009,0.43155,0.17093,2.14127,2.19206,2.73542,0.000815959,0.000815959,0.000815959
132,2905.3,1.38645,1.32722,1.44805,0.33129,0.71429,0.35415,0.12091,2.16013,2.41091,2.95638,0.000811243,0.000811243,0.000811243
133,2926.65,1.37135,1.28127,1.43604,0.3524,0.64286,0.45245,0.18277,2.15787,2.45468,2.90253,0.000806528,0.000806528,0.000806528
134,2947.91,1.37284,1.30059,1.43136,0.49233,0.5,0.39663,0.16597,2.16876,2.14188,2.84433,0.000801812,0.000801812,0.000801812
135,2971.73,1.36615,1.25341,1.43188,0.40732,0.78571,0.42564,0.10471,2.29455,2.26195,3.10238,0.000797096,0.000797096,0.000797096
136,2998.12,1.35562,1.26284,1.4163,0.4943,0.57143,0.4917,0.16258,2.35069,2.31644,3.21268,0.00079238,0.00079238,0.00079238
137,3019.99,1.37019,1.2515,1.43124,0.5942,0.62836,0.50615,0.16512,2.14486,2.17543,2.89068,0.000787665,0.000787665,0.000787665
138,3041.3,1.39251,1.31552,1.44371,0.4619,0.57143,0.43978,0.13396,2.01415,2.27915,2.72364,0.000782949,0.000782949,0.000782949
139,3062.23,1.3559,1.2814,1.42497,0.61297,0.57143,0.55219,0.18728,2.12682,1.91296,2.79694,0.000778233,0.000778233,0.000778233
140,3088.24,1.38154,1.25696,1.42616,0.58629,0.64286,0.608,0.21877,2.05607,2.02459,2.87635,0.000773518,0.000773518,0.000773518
141,3119.26,1.3793,1.24669,1.45045,0.38357,0.57143,0.39237,0.20694,2.18898,2.55606,2.95408,0.000768802,0.000768802,0.000768802
142,3140.71,1.33695,1.24053,1.41405,0.36058,0.5,0.39996,0.18155,2.21948,2.53668,2.90828,0.000764086,0.000764086,0.000764086
143,3161.83,1.33606,1.22744,1.42609,0.48609,0.5,0.45352,0.18623,2.13393,2.52249,2.83486,0.000759371,0.000759371,0.000759371
144,3182.93,1.34113,1.21636,1.396,0.51944,0.21429,0.22116,0.11709,2.35538,2.79832,3.0076,0.000754655,0.000754655,0.000754655
145,3209.15,1.35554,1.23411,1.42897,0.55884,0.57143,0.50968,0.21822,2.19676,2.21988,2.92492,0.000749939,0.000749939,0.000749939
146,3236.45,1.33518,1.21676,1.41435,0.40317,0.57143,0.48513,0.16582,2.20632,2.39536,2.97216,0.000745223,0.000745223,0.000745223
147,3261.25,1.31662,1.22124,1.40039,0.49395,0.62817,0.45972,0.14437,2.21025,2.35019,2.98568,0.000740508,0.000740508,0.000740508
148,3286.74,1.31981,1.21132,1.39124,0.51448,0.64286,0.5372,0.19429,2.18038,2.1096,2.89854,0.000735792,0.000735792,0.000735792
149,3308.9,1.35153,1.23721,1.44192,0.58857,0.35714,0.41858,0.15428,2.3132,2.47316,3.07538,0.000731076,0.000731076,0.000731076
150,3330.27,1.32855,1.21233,1.41604,0.63385,0.61943,0.55452,0.22937,1.93234,2.08768,2.65548,0.000726361,0.000726361,0.000726361
151,3351.84,1.29766,1.15289,1.38953,0.72901,0.42857,0.40147,0.17754,2.11751,2.50081,2.81174,0.000721645,0.000721645,0.000721645
152,3373.01,1.30103,1.13713,1.37298,0.48552,0.64286,0.53427,0.2191,2.2972,2.43425,3.01578,0.000716929,0.000716929,0.000716929
153,3394.38,1.35178,1.18746,1.42921,0.62362,0.5,0.41354,0.13166,2.2951,2.511,2.96086,0.000712214,0.000712214,0.000712214
154,3417.87,1.32655,1.12792,1.40715,0.579,0.42857,0.47875,0.21592,2.2525,2.02135,2.86642,0.000707498,0.000707498,0.000707498
155,3439.21,1.29912,1.14171,1.38856,0.53305,0.57143,0.44867,0.17087,2.0606,2.1408,2.79148,0.000702782,0.000702782,0.000702782
156,3465.33,1.29311,1.12592,1.37996,0.431,0.59597,0.48199,0.21417,2.04888,2.21517,2.90751,0.000698066,0.000698066,0.000698066
157,3490,1.31298,1.17106,1.38856,0.47653,0.35714,0.40656,0.19488,2.02752,2.35217,2.81047,0.000693351,0.000693351,0.000693351
158,3511.46,1.31447,1.18815,1.39816,0.34992,0.5,0.37645,0.16816,2.1671,2.30462,2.9699,0.000688635,0.000688635,0.000688635
159,3538.7,1.30465,1.14328,1.37575,0.58511,0.64286,0.49408,0.20755,2.14585,1.90712,2.95721,0.000683919,0.000683919,0.000683919
160,3565.41,1.27383,1.13171,1.37725,0.63074,0.57143,0.5967,0.21935,2.07339,1.81039,3.01292,0.000679204,0.000679204,0.000679204
161,3592.07,1.31033,1.16539,1.40098,0.38457,0.42857,0.40463,0.18559,1.91455,2.41539,2.75936,0.000674488,0.000674488,0.000674488
162,3614.94,1.28938,1.10349,1.35776,0.65024,0.71429,0.54755,0.20302,2.2972,2.26114,3.1311,0.000669772,0.000669772,0.000669772
163,3636.28,1.27636,1.08257,1.36358,0.66375,0.71429,0.62891,0.23657,2.09173,2.12905,2.94618,0.000665057,0.000665057,0.000665057
164,3658.08,1.28275,1.12632,1.39077,0.62104,0.70298,0.54368,0.20039,2.16635,1.89206,3.02687,0.000660341,0.000660341,0.000660341
165,3679.24,1.28023,1.12096,1.39279,0.65719,0.78571,0.63051,0.21695,2.06022,1.78496,2.89802,0.000655625,0.000655625,0.000655625
166,3700.44,1.25933,1.1009,1.35265,0.61699,0.5,0.49796,0.19419,1.9744,2.16708,2.85699,0.000650909,0.000650909,0.000650909
167,3727.41,1.23623,1.09152,1.34281,0.40027,0.52528,0.40385,0.19249,1.96745,2.25259,2.74675,0.000646194,0.000646194,0.000646194
168,3748.89,1.27491,1.13613,1.37132,0.57692,0.71429,0.54218,0.19005,2.11945,2.03481,2.78044,0.000641478,0.000641478,0.000641478
169,3774.17,1.27215,1.11824,1.36507,0.66711,0.71429,0.61776,0.17606,2.30152,1.98791,3.03088,0.000636762,0.000636762,0.000636762
170,3801.26,1.27323,1.12689,1.37162,0.5806,0.6931,0.57663,0.1939,2.12453,2.11217,2.84526,0.000632047,0.000632047,0.000632047
171,3824.08,1.24992,1.14638,1.34371,0.83849,0.5,0.64067,0.20931,2.17127,1.86909,3.01732,0.000627331,0.000627331,0.000627331
172,3850.06,1.26714,1.09652,1.3571,0.67114,0.5,0.52839,0.18161,2.24436,2.04738,2.98395,0.000622615,0.000622615,0.000622615
173,3871.83,1.2751,1.10391,1.36369,0.57979,0.49332,0.42097,0.16478,2.12768,2.27207,2.72848,0.0006179,0.0006179,0.0006179
174,3897.56,1.24916,1.09022,1.34312,0.37831,0.57143,0.42022,0.16539,2.15487,2.01603,2.73407,0.000613184,0.000613184,0.000613184
175,3919.67,1.24928,1.08792,1.35832,0.47025,0.42857,0.45828,0.16572,2.14439,2.02603,2.87681,0.000608468,0.000608468,0.000608468
176,3946.73,1.27,1.09937,1.37936,0.55464,0.57143,0.55059,0.18586,2.20103,1.94803,2.82851,0.000603752,0.000603752,0.000603752
177,3968.7,1.27375,1.12213,1.37103,0.65362,0.42857,0.48126,0.19345,2.09682,1.97814,2.79644,0.000599037,0.000599037,0.000599037
178,3991.64,1.22863,1.07021,1.33488,0.46525,0.64286,0.50671,0.22564,2.04397,2.14017,2.80208,0.000594321,0.000594321,0.000594321
179,4018.22,1.23459,1.03399,1.33179,0.62091,0.64286,0.60431,0.18824,2.19578,2.08718,2.95051,0.000589605,0.000589605,0.000589605
180,4045.12,1.24156,1.05625,1.33151,0.58057,0.64286,0.57717,0.189,2.12714,2.10788,2.89338,0.00058489,0.00058489,0.00058489
181,4066.84,1.21514,1.03307,1.31074,0.73154,0.77899,0.68315,0.24494,2.09176,2.06063,2.89623,0.000580174,0.000580174,0.000580174
182,4093.99,1.28781,1.07552,1.35945,0.69512,0.71429,0.61965,0.22466,2.16294,1.98663,2.94991,0.000575458,0.000575458,0.000575458
183,4119.95,1.24642,1.09236,1.3426,0.58091,0.71429,0.66225,0.23712,2.10434,1.80672,2.78309,0.000570743,0.000570743,0.000570743
184,4141.29,1.21135,1.02205,1.32522,0.92226,0.35714,0.48424,0.17335,2.22173,2.07783,2.95154,0.000566027,0.000566027,0.000566027
185,4162.46,1.23367,1.03607,1.34128,0.63713,0.64286,0.61464,0.205,2.29693,2.06822,3.11117,0.000561311,0.000561311,0.000561311
186,4188.17,1.23803,1.05675,1.33132,0.4116,0.5,0.39601,0.20451,2.3511,2.31403,3.10244,0.000556595,0.000556595,0.000556595
187,4215.38,1.2259,1.0358,1.33549,0.42223,0.64286,0.42894,0.22684,2.11565,1.89154,2.9103,0.00055188,0.00055188,0.00055188
188,4239.02,1.22516,1.0707,1.35138,0.76456,0.69695,0.63943,0.2176,2.06321,1.91748,2.9288,0.000547164,0.000547164,0.000547164
189,4259.97,1.21792,1.02045,1.32907,0.81962,0.5,0.64395,0.18661,2.12512,2.08267,3.04219,0.000542448,0.000542448,0.000542448
190,4281.05,1.21715,1.04147,1.31382,0.85352,0.64286,0.69669,0.24631,2.10279,1.84475,2.86213,0.000537733,0.000537733,0.000537733
191,4313.1,1.18711,0.98615,1.31104,0.60967,0.5587,0.50056,0.14151,2.36381,1.95247,3.27959,0.000533017,0.000533017,0.000533017
192,4336.53,1.18288,1.01432,1.3055,0.49106,0.71429,0.51435,0.18019,2.30268,2.0394,3.23658,0.000528301,0.000528301,0.000528301
193,4357.78,1.19398,1.01012,1.30649,0.40114,0.64286,0.47127,0.14802,2.19383,2.14833,3.04286,0.000523586,0.000523586,0.000523586
194,4378.33,1.17971,0.9906,1.31232,0.49196,0.71429,0.542,0.16398,2.23388,1.92735,3.12277,0.00051887,0.00051887,0.00051887
195,4399.4,1.21335,1.02664,1.32958,0.48313,0.71429,0.56124,0.19492,2.12888,2.0541,2.98661,0.000514154,0.000514154,0.000514154
196,4420.66,1.18121,0.99204,1.30399,0.43606,0.77366,0.55949,0.23709,2.11574,2.07808,2.80718,0.000509438,0.000509438,0.000509438
197,4446.42,1.20732,1.01899,1.31739,0.48604,0.71429,0.57868,0.24128,2.1235,2.13305,3.05494,0.000504723,0.000504723,0.000504723
198,4473.14,1.19452,1.00009,1.30378,0.62857,0.5,0.46626,0.19242,2.0885,2.09754,3.08788,0.000500007,0.000500007,0.000500007
199,4497.57,1.19959,0.97633,1.29773,0.83531,0.57143,0.65556,0.24642,2.17392,2.33117,3.05098,0.000495291,0.000495291,0.000495291
200,4528.4,1.20261,0.98597,1.30512,0.43163,0.5,0.3755,0.16286,2.17415,2.14429,3.09693,0.000490576,0.000490576,0.000490576
201,4550.26,1.19101,1.00233,1.32414,0.44696,0.57143,0.47052,0.19298,2.1518,2.1879,2.99988,0.00048586,0.00048586,0.00048586
202,4577.48,1.18289,0.97867,1.31062,0.42561,0.57143,0.44791,0.20921,2.162,2.00245,3.03987,0.000481144,0.000481144,0.000481144
203,4604.55,1.18179,0.98436,1.30058,0.9186,0.57143,0.66548,0.24115,2.10614,2.01523,2.88651,0.000476429,0.000476429,0.000476429
204,4629.14,1.15215,0.95951,1.27751,0.86603,0.5,0.6205,0.21843,2.1063,2.28234,2.84914,0.000471713,0.000471713,0.000471713
205,4650.54,1.16786,0.97974,1.29594,0.6428,0.5,0.4457,0.17745,2.0767,2.41647,2.92922,0.000466997,0.000466997,0.000466997
206,4671.7,1.15508,0.94986,1.27561,0.74867,0.71429,0.69336,0.25597,2.14218,1.95434,2.92703,0.000462281,0.000462281,0.000462281
207,4693.41,1.14905,0.95975,1.28858,0.83696,0.73447,0.76845,0.27247,2.16527,1.85757,3.05349,0.000457566,0.000457566,0.000457566
208,4715.35,1.1759,0.97867,1.30505,0.49237,0.64286,0.58989,0.22834,2.03843,1.9532,2.74719,0.00045285,0.00045285,0.00045285
209,4736.61,1.19108,1.02026,1.31119,0.58297,0.71429,0.5485,0.23524,2.06575,1.79342,2.8182,0.000448134,0.000448134,0.000448134
210,4757.67,1.16443,0.97294,1.29064,0.54103,0.57143,0.47175,0.18968,2.06437,2.09274,2.83235,0.000443419,0.000443419,0.000443419
211,4778.87,1.13391,0.94861,1.27388,0.59816,0.5,0.50869,0.23077,2.12166,2.23848,2.89127,0.000438703,0.000438703,0.000438703
212,4799.8,1.12115,0.93265,1.27329,0.60141,0.57143,0.57497,0.20023,2.25257,2.14706,3.19448,0.000433987,0.000433987,0.000433987
213,4825.26,1.15345,0.96985,1.28996,0.77027,0.5,0.54558,0.20481,2.23523,2.25002,3.04711,0.000429272,0.000429272,0.000429272
214,4852.4,1.14546,0.95138,1.27903,0.53133,0.57143,0.45142,0.20818,2.2722,2.12033,2.97119,0.000424556,0.000424556,0.000424556
215,4874.5,1.15513,0.95332,1.28331,0.67757,0.42857,0.50192,0.18952,2.27172,1.9007,3.00109,0.00041984,0.00041984,0.00041984
216,4895.78,1.13868,0.95873,1.26976,0.57441,0.5,0.48082,0.18795,2.15969,2.2798,2.92856,0.000415124,0.000415124,0.000415124
217,4916.99,1.12631,0.93824,1.26484,0.4791,0.5,0.49629,0.19715,2.09054,2.33832,3.00595,0.000410409,0.000410409,0.000410409
218,4938.46,1.12574,0.90777,1.2631,0.51927,0.5,0.482,0.20427,2.28917,2.30404,3.13935,0.000405693,0.000405693,0.000405693
219,4964.88,1.12041,0.91696,1.261,0.92834,0.42857,0.54591,0.22853,2.23691,2.14777,3.06975,0.000400977,0.000400977,0.000400977
220,4989.61,1.13624,0.92929,1.27534,0.7032,0.35714,0.47249,0.19522,2.26837,2.29391,3.06045,0.000396262,0.000396262,0.000396262
221,5010.9,1.13834,0.9471,1.28122,0.56978,0.42857,0.47193,0.20527,2.1941,2.61411,3.05517,0.000391546,0.000391546,0.000391546
222,5032.11,1.0932,0.89351,1.23929,0.67547,0.35714,0.46974,0.1933,2.40105,2.4446,3.17841,0.00038683,0.00038683,0.00038683
223,5053.33,1.11654,0.91833,1.25402,0.413,0.5,0.40799,0.14824,2.23206,2.68581,3.05013,0.000382115,0.000382115,0.000382115
224,5074.2,1.09516,0.88401,1.24592,0.60208,0.42857,0.45494,0.17811,2.20309,2.21193,3.1057,0.000377399,0.000377399,0.000377399
225,5095.44,1.13535,0.91517,1.26473,0.75078,0.5,0.55769,0.21588,2.14542,2.07974,2.92583,0.000372683,0.000372683,0.000372683
226,5122.41,1.11133,0.92377,1.27084,0.50991,0.5,0.41934,0.15918,2.23638,2.33655,2.99347,0.000367967,0.000367967,0.000367967
227,5144.04,1.09147,0.90041,1.24131,0.63866,0.64286,0.59067,0.25852,2.30352,2.00346,2.98475,0.000363252,0.000363252,0.000363252
228,5169.4,1.09394,0.88636,1.24246,0.7274,0.57143,0.61302,0.23866,2.29769,2.16494,2.94751,0.000358536,0.000358536,0.000358536
229,5190.77,1.10454,0.87919,1.21908,0.86502,0.64286,0.61717,0.2371,2.27161,2.12329,2.95221,0.00035382,0.00035382,0.00035382
230,5216.6,1.09951,0.89226,1.2487,0.70295,0.57143,0.54143,0.21867,2.23091,2.27916,3.07331,0.000349105,0.000349105,0.000349105
231,5243.27,1.09748,0.90146,1.23985,0.70267,0.71429,0.61981,0.20792,2.13787,2.12535,3.03567,0.000344389,0.000344389,0.000344389
232,5265.38,1.106,0.90905,1.25873,0.76695,0.71429,0.68194,0.27694,2.13513,1.9218,2.95329,0.000339673,0.000339673,0.000339673
233,5290.99,1.09654,0.89519,1.24951,0.76217,0.64286,0.65564,0.24472,2.13974,2.03994,2.96703,0.000334958,0.000334958,0.000334958
234,5317.37,1.05501,0.84458,1.21069,0.62187,0.78571,0.66363,0.19169,2.20256,2.05328,3.0916,0.000330242,0.000330242,0.000330242
235,5342.12,1.1232,0.91785,1.24813,0.5567,0.62866,0.47269,0.1949,2.28814,1.85376,3.14626,0.000325526,0.000325526,0.000325526
236,5368.31,1.11611,0.92367,1.25031,0.61223,0.64286,0.5,0.21061,2.29631,2.10441,3.13042,0.00032081,0.00032081,0.00032081
237,5395.41,1.08667,0.90175,1.23599,0.61242,0.57143,0.40674,0.17136,2.32271,1.93589,3.19137,0.000316095,0.000316095,0.000316095
238,5421.94,1.09071,0.89614,1.23771,0.61051,0.57143,0.45045,0.19878,2.19984,2.00564,2.98087,0.000311379,0.000311379,0.000311379
239,5448.47,1.06074,0.83847,1.22584,0.63825,0.57143,0.47697,0.23063,2.22765,1.93078,2.98686,0.000306663,0.000306663,0.000306663
240,5475.12,1.1276,0.91254,1.27177,0.76242,0.68899,0.6539,0.2773,2.22721,2.01713,2.95448,0.000301948,0.000301948,0.000301948
241,5498.73,1.06422,0.84598,1.22441,0.72413,0.64286,0.64829,0.23453,2.30365,1.88423,3.05091,0.000297232,0.000297232,0.000297232
242,5521.37,1.05125,0.82868,1.20062,0.89614,0.61807,0.68333,0.21705,2.34495,1.8827,3.09033,0.000292516,0.000292516,0.000292516
243,5548.33,1.09048,0.89317,1.26075,0.74041,0.64286,0.56343,0.22501,2.28877,1.78388,3.05783,0.000287801,0.000287801,0.000287801
244,5575.56,1.0725,0.86752,1.22433,0.6416,0.71429,0.61685,0.23664,2.32112,2.08162,3.14634,0.000283085,0.000283085,0.000283085
245,5602.18,1.07394,0.87021,1.22358,0.64015,0.64286,0.55568,0.19935,2.34029,1.92384,3.17036,0.000278369,0.000278369,0.000278369
246,5628.63,1.04513,0.83836,1.20904,0.5143,0.57143,0.41466,0.18766,2.4292,1.86561,3.31482,0.000273654,0.000273654,0.000273654
247,5651.16,1.04547,0.82199,1.21173,0.51721,0.57143,0.39992,0.15679,2.26533,2.28361,3.09147,0.000268938,0.000268938,0.000268938
248,5672.45,1.07294,0.85022,1.24481,0.47844,0.57143,0.38909,0.17716,2.16428,2.09624,3.01607,0.000264222,0.000264222,0.000264222
249,5693.39,1.06311,0.83995,1.2136,0.69935,0.42857,0.44305,0.19211,2.18551,2.21187,2.9502,0.000259506,0.000259506,0.000259506
250,5720.7,1.07441,0.86263,1.23907,0.67731,0.5,0.53081,0.23022,2.15925,1.87167,3.02185,0.000254791,0.000254791,0.000254791
251,5744.26,1.06205,0.85053,1.23026,0.63139,0.64286,0.54924,0.19785,2.13681,2.24926,3.02437,0.000250075,0.000250075,0.000250075
252,5765.63,1.04546,0.8341,1.21698,0.52262,0.64286,0.52808,0.20585,2.17551,2.18397,2.91761,0.000245359,0.000245359,0.000245359
253,5787.1,1.05893,0.85811,1.22063,0.75093,0.5,0.53859,0.19254,2.11832,2.24858,2.87574,0.000240644,0.000240644,0.000240644
254,5813.12,1.01282,0.79427,1.1893,0.62914,0.64286,0.56409,0.24406,2.19652,1.97335,2.91321,0.000235928,0.000235928,0.000235928
255,5840.39,1.06744,0.85669,1.22522,0.65265,0.64286,0.59922,0.26026,2.13647,1.93352,2.99802,0.000231212,0.000231212,0.000231212
256,5865.49,1.02861,0.84476,1.211,0.72409,0.64286,0.569,0.23865,2.2224,2.12031,3.02095,0.000226497,0.000226497,0.000226497
257,5886.82,1.00026,0.81512,1.18525,0.50932,0.64286,0.44901,0.19742,2.22581,2.43565,3.02492,0.000221781,0.000221781,0.000221781
258,5913.17,1.05473,0.84868,1.21526,0.57227,0.64286,0.49825,0.19324,2.29345,2.31097,3.06885,0.000217065,0.000217065,0.000217065
259,5938.06,1.025,0.81414,1.1951,0.49519,0.57143,0.50172,0.20733,2.22486,2.44251,2.94557,0.000212349,0.000212349,0.000212349
260,5959.42,1.02981,0.8126,1.19697,0.57128,0.57143,0.54021,0.24643,2.18574,2.1349,2.94642,0.000207634,0.000207634,0.000207634
261,5980.49,1.03318,0.82955,1.20243,0.47794,0.57143,0.48172,0.20475,2.28001,1.99023,3.03737,0.000202918,0.000202918,0.000202918
262,6007.52,1.0181,0.80368,1.20376,0.67482,0.64286,0.59078,0.22635,2.20279,1.9549,3.01861,0.000198202,0.000198202,0.000198202
263,6032.49,0.99302,0.81317,1.18776,0.72938,0.5,0.5476,0.20497,2.22473,1.99829,3.04786,0.000193487,0.000193487,0.000193487
264,6054.23,1.00808,0.80004,1.18783,0.81328,0.5,0.55062,0.20069,2.22801,2.04195,3.08716,0.000188771,0.000188771,0.000188771
265,6075.51,1.0165,0.81993,1.19412,0.47267,0.57143,0.51831,0.18372,2.2872,2.13123,3.07458,0.000184055,0.000184055,0.000184055
266,6096.61,0.99997,0.77955,1.17428,0.48972,0.5,0.47946,0.20264,2.2831,1.98383,2.91746,0.00017934,0.00017934,0.00017934
267,6118.02,1.00866,0.81547,1.19096,1,0.32845,0.48668,0.20616,2.34495,2.06877,3.00685,0.000174624,0.000174624,0.000174624
268,6144.88,1.00192,0.78324,1.18207,0.85299,0.41612,0.54166,0.19968,2.3185,2.09233,2.95265,0.000169908,0.000169908,0.000169908
269,6166.27,1.03092,0.81939,1.21689,0.56993,0.42857,0.47081,0.19869,2.22671,2.24127,2.93428,0.000165192,0.000165192,0.000165192
270,6188.48,0.9994,0.7827,1.18771,0.61467,0.5,0.46963,0.20809,2.21494,2.08867,2.99825,0.000160477,0.000160477,0.000160477
